[
    {
        "id": 1,
        "name":"3000 bài tập nâng cao",
        "price": 200,
        "image": "img/1.jpg",
        "description": "Sách 3000 Bài Tập Nâng Cao Luyện Thi Đại Hoc Môn Toán (Tái Bản 2023) là sự chia sẻ tri thức cũng như trải nghiệm quý giá của tác giả 3000 Bài Tập Nâng Cao Luyện Thi Đại Hoc Môn Toán (Tái Bản 2023). Thậm chí kiến thức trong sách có sức mạnh thay đổi cuộc đời của một người một cách tích cực hướng đến cuộc sống tốt hơn. Chính vì thế, Taisach.vn tạo ra một kho tài liệu cho phép mọi người đọc và tải những cuốn sách định dạng PDF, PRC, AZW3, EPUB, AUDIO, MP3 với nhiều thể loại đa dạng."
    },
    {
        "id": 2,
        "name":" Tăng tốc luyện thi ",
        "price": 250,
        "image": "img/2.jpg",
        "description": " Bắt kịp xu hướng của kỳ thi, HOCMAI xây dựng cuốn sách  “Tăng tốc luyện đề Dành cho kỳ thi đánh giá năng lực của Đại học Quốc gia Tp. Hồ Chí Minh” để giúp các em học sinh trang bị kiến thức cần thiết,  xây dựng và hình thành phương pháp tư duy giải quyết vấn đề cũng như kĩ năng để chinh phục điểm số cao của bài thi đánh giá năng lực."
    },
    {
        "id": 3,
        "name":" Sách vật lý nâng cao",
        "price": 290,
        "image": "img/3.jpg",
        "description": "Vật lý 12 Nâng cao của Nhà xuất bản Giáo dục Việt Nam: Sách giáo khoa chính thức của chương trình Vật lý 12 Nâng cao, đi sâu vào các chủ đề như cơ học lượng tử, thuyết tương đối, vật lý hạt nhân, v.v."
    },
    {
        "id": 4,
        "name":" Toán hình học nâng cao",
        "price": 200,
        "image": "img/4.jpg",
        "description": "Toán Hình Học Nâng Cao là một lĩnh vực mở rộng và chuyên sâu hơn so với Toán Hình Học cơ bản, bao gồm các chủ đề và phương pháp phức tạp hơn, đòi hỏi tư duy logic, sáng tạo và khả năng giải quyết vấn đề cao cấp.Lĩnh vực này đóng vai trò quan trọng trong nhiều lĩnh vực khoa học và kỹ thuật, đồng thời cũng là một môn học thú vị và đầy thử thách cho những ai đam mê Toán Học."
    },
    {
        "id": 5,
        "name":" Sách hóa nâng cao",
        "price": 300,
        "image": "img/5.jpg",
        "description": "Sách hóa học nâng cao là tài liệu dành cho học sinh có nhu cầu học tập chuyên sâu về môn hóa học, thường được sử dụng để ôn luyện thi đại học, thi học sinh giỏi hoặc trau dồi kiến thức hóa học cho các mục đích khác."
    },
    {
        "id": 6,
        "name":" Sách ngữ văn nâng cao",
        "price": 200,
        "image": "img/6.jpg",
        "description": "Sách ngữ văn nâng cao là tài liệu bổ trợ quan trọng cho học sinh trong quá trình học tập môn ngữ văn. So với sách giáo khoa ngữ văn cơ bản, sách ngữ văn nâng cao cung cấp lượng kiến thức mở rộng và chuyên sâu hơn, giúp học sinh"
    },
    {
        "id": 7,
        "name":" Sách sinh học nâng cao",
        "price": 200,
        "image": "img/7.jpg",
        "description": "Sách sinh học nâng cao là tài liệu bổ sung cho sách giáo khoa sinh học cơ bản, nhằm cung cấp cho học sinh kiến thức chuyên sâu và khó hơn về các chủ đề sinh học. Những cuốn sách này thường được sử dụng để hỗ trợ học sinh ôn thi đại học hoặc các kỳ thi năng khiếu khác."
    },
    {
        "id": 8,
        "name":" Sách lịch sử nâng cao",
        "price": 200,
        "image": "img/8.jpg",
        "description": "Sách lịch sử nâng cao là tài liệu học tập bổ sung dành cho học sinh muốn tìm hiểu sâu hơn về các sự kiện và nhân vật lịch sử. So với sách giáo khoa lịch sử thông thường, sách lịch sử nâng cao thường có nội dung chi tiết và chuyên sâu hơn, đi sâu vào phân tích các vấn đề lịch sử một cách khoa học và logic."
    }

]